{"entities":{"pages":{"starter-topic":{"id":"starter-topic","title":"Wokwi Intellij Plugin Guide","url":"starter-topic.html","level":0,"tabIndex":0},"Project-Configuration":{"id":"Project-Configuration","title":"Project Configuration","url":"project-configuration.html","level":0,"tabIndex":1},"Debugging":{"id":"Debugging","title":"Debugging","url":"debugging.html","level":0,"tabIndex":2},"Roadmap":{"id":"Roadmap","title":"Roadmap","url":"roadmap.html","level":0,"tabIndex":3}}},"topLevelIds":["starter-topic","Project-Configuration","Debugging","Roadmap"]}